<?xml version="1.0" encoding="utf-8"?>
<!--
/**
 * @copyright	Copyright (c) 2019 dienvien. All rights reserved.
 * @license		http://www.gnu.org/licenses/gpl-2.0.html GNU/GPL
 */
-->
<extension type="plugin" version="3.0" group="user" method="upgrade">
	<name>plg_user_dienvien</name>
	<author></author>
	<creationDate>August 2019</creationDate>
	<copyright>Copyright (c) 2019 dienvien. All rights reserved.</copyright>
	<license>http://www.gnu.org/licenses/gpl-2.0.html GNU/GPL</license>
	<authorEmail></authorEmail>
	<authorUrl></authorUrl>
	<version>1.0.0</version>
	<description>
	<![CDATA[
		
	]]>
	</description>

	<files>
		<filename plugin="dienvien">dienvien.php</filename>
		<filename>index.html</filename>
	</files>

	<languages>
		<language tag="en-GB">en-GB.plg_user_dienvien.ini</language>
		<language tag="en-GB">en-GB.plg_user_dienvien.sys.ini</language>
	</languages>

	<config>
		<fields name="params">
			<fieldset name="basic">

			</fieldset>
		</fields>
	</config>
</extension>