<?xml version="1.0" encoding="utf-8"?>
<extension type="component" version="3.0" method="upgrade">
    <name>com_dienvien</name>
    <creationDate>2019-08-07</creationDate>
    <copyright>2019 cuong</copyright>
    <license>GNU General Public License version 2 or later; see LICENSE.txt</license>
    <author>cuong</author>
    <authorEmail>nguyendinhcuong@gmail.com</authorEmail>
    <authorUrl>http://</authorUrl>
    <version>CVS: 1.0.0</version>
    <description>COM_DIENVIEN_XML_DESCRIPTION</description>
    
    
    
    <install> <!-- Runs on install -->
        <sql>
            <file driver="mysql" charset="utf8">sql/install.mysql.utf8.sql</file>
        </sql>
    </install>
    <update> <!-- Runs on update -->
        <sql>
            <file driver="mysql" charset="utf8">sql/update.mysql.utf8.sql</file>
        </sql>
    </update>
    <uninstall> <!-- Runs on uninstall -->
        <sql>
            <file driver="mysql" charset="utf8">sql/uninstall.mysql.utf8.sql</file>
        </sql>
    </uninstall>

    <files folder="site">
        <filename>index.html</filename>
        <filename>dienvien.php</filename>
        <filename>controller.php</filename>
        <filename>router.php</filename>
        <folder>views</folder>
        <folder>models</folder>
        <folder>controllers</folder>
        <folder>helpers</folder>
    </files>
    <media destination="com_dienvien" folder="media">
        <folder>js</folder>
        <folder>css</folder>
    </media>
    <languages folder="site/languages">
        
			<language tag="en-GB">en-GB/en-GB.com_dienvien.ini</language>
			<language tag="vi-VN">vi-VN/vi-VN.com_dienvien.ini</language>
    </languages>
    <administration>
        <menu>COM_DIENVIEN</menu>
        <submenu>
            
			<menu link="option=com_dienvien&amp;view=dienviens" view="dienviens" alt="Dienvien/Dienviens">COM_DIENVIEN_TITLE_DIENVIENS</menu>

        </submenu>
        <files folder="administrator">
            <filename>access.xml</filename>
            <filename>config.xml</filename>
            <filename>controller.php</filename>
            <filename>index.html</filename>
            <filename>dienvien.php</filename>
            <folder>controllers</folder>
            <folder>assets</folder>
            <folder>helpers</folder>
            <folder>models</folder>
            <folder>sql</folder>
            <folder>tables</folder>
            <folder>views</folder>
        </files>
        <languages folder="administrator/languages">
            
			<language tag="en-GB">en-GB/en-GB.com_dienvien.ini</language>
			<language tag="en-GB">en-GB/en-GB.com_dienvien.sys.ini</language>
			<language tag="vi-VN">vi-VN/vi-VN.com_dienvien.ini</language>
			<language tag="vi-VN">vi-VN/vi-VN.com_dienvien.sys.ini</language>
        </languages>
    </administration>
    <config>
        <fields name="params">
            <fieldset name="component">
                <field name="save_history" default="0" />
            </fieldset>
        </fields>
    </config>
    <plugins>
        <plugin group="search" plugin="dienvien"/>
    </plugins>
    
</extension>
<!-- Component built by the Joomla Component Creator -->
<!-- http://www.component-creator.com/ -->
